[
  {
    "id": 1,
    "title": "The whimsically named Egg Canvas brainch",
    "excerpt": "There are many variations of passages of Lorem Ipsum available, but majority have suffered teration in some form, by injected humour, or randomised words which don't look even slight believable. If you are going to use a passage of Lorem Ipsum.",
    "img": "/assets/images/thumbs/blog-page-img1.png"
  },
  {
    "id": 2,
    "title": "The whimsically named Egg Canvas brainch",
    "excerpt": "There are many variations of passages of Lorem Ipsum available, but majority have suffered teration in some form, by injected humour, or randomised words which don't look even slight believable. If you are going to use a passage of Lorem Ipsum.",
    "img": "/assets/images/thumbs/blog-page-img2.png"
  },
  {
    "id": 3,
    "title": "The whimsically named Egg Canvas brainch",
    "excerpt": "There are many variations of passages of Lorem Ipsum available, but majority have suffered teration in some form, by injected humour, or randomised words which don't look even slight believable. If you are going to use a passage of Lorem Ipsum.",
    "img": "/assets/images/thumbs/blog-page-img3.png"
  }
]
